Packages,Encode to FASTA (ms),FASTA file size (KB),FASTA gzipped (KB)
1KB,5.625224,4.1,1.4
10KB,32.679975,40.7,13
100KB,112.864416,406.7,121
1MB,872.887675,4100,1200
10MB,8472.693202,40700,12000
100MB,85525.178217,406700,118000
